{
  "project_info": {
    "project_number": "756549834304",
    "firebase_url": "https://myhotel-7b369.firebaseio.com",
    "project_id": "myhotel-7b369",
    "storage_bucket": "myhotel-7b369.appspot.com"
  },
  "client": [
    {
      "client_info": {
        "mobilesdk_app_id": "1:756549834304:android:05df90d6b62b958b4631a5",
        "android_client_info": {
          "package_name": "com.example.p1"
        }
      },
      "oauth_client": [
        {
          "client_id": "756549834304-ecol7ct3pkkqsocucih6eo26jjb82jbr.apps.googleusercontent.com",
          "client_type": 1,
          "android_info": {
            "package_name": "com.example.p1",
            "certificate_hash": "d9414fa9aa540a80f1856b573b4d521d8b8f09c1"
          }
        },
        {
          "client_id": "756549834304-kopt2nu5rfs8srpm4cd2og8b9718bl0c.apps.googleusercontent.com",
          "client_type": 3
        }
      ],
      "api_key": [
        {
          "current_key": "AIzaSyCUrOZ8er8a6SIFGgvDVqNe_F171_YpUxk"
        }
      ],
      "services": {
        "appinvite_service": {
          "other_platform_oauth_client": [
            {
              "client_id": "756549834304-kopt2nu5rfs8srpm4cd2og8b9718bl0c.apps.googleusercontent.com",
              "client_type": 3
            }
          ]
        }
      }
    }
  ],
  "configuration_version": "1"
}